packageName,url,discription,importedCount
http (net/http),/net/http,Package http provides HTTP client and server implementations.,656877
autorest (github.com/Azure/go-autorest/autorest),/github.com/Azure/go-autorest/autorest,Package autorest implements an HTTP request pipeline suitable for use across multiple go-routines and provides the shared routines relied on by AutoRest (see https://github.com/Azure/autorest/) generated Go code.,112906
gin (github.com/gin-gonic/gin),/github.com/gin-gonic/gin,Package gin implements a HTTP web framework called gin.,35228
http (github.com/go-kit/kit/transport/http),/github.com/go-kit/kit/transport/http,Package http provides a general purpose HTTP binding for endpoints.,1864
oauth2 (golang.org/x/oauth2),/golang.org/x/oauth2,"Package oauth2 provides support for making OAuth2 authorized and authenticated HTTP requests, as specified in RFC 6749.",22202
httprouter (github.com/julienschmidt/httprouter),/github.com/julienschmidt/httprouter,Package httprouter is a trie based high performance HTTP request router.,8459
promhttp (github.com/prometheus/client_golang/prometheus/promhttp),/github.com/prometheus/client_golang/prometheus/promhttp,Package promhttp provides tooling around HTTP servers and clients.,9366
ctxhttp (golang.org/x/net/context/ctxhttp),/golang.org/x/net/context/ctxhttp,Package ctxhttp provides helper functions for performing context-aware HTTP requests.,7897
http (google.golang.org/api/transport/http),/google.golang.org/api/transport/http,Package http supports network connections to HTTP servers.,719
handlers (github.com/gorilla/handlers),/github.com/gorilla/handlers,"Package handlers is a collection of handlers (aka ""HTTP middleware"") for use with Go's net/http package (or any framework supporting http.Handler).",3589
fasthttp (github.com/valyala/fasthttp),/github.com/valyala/fasthttp,Package fasthttp provides fast HTTP server and client API.,4326
chi (github.com/go-chi/chi/v5),/github.com/go-chi/chi/v5,"Package chi is a small, idiomatic and composable router for building HTTP services.",1504
http (gopkg.in/src-d/go-git.v4/plumbing/transport/http),/gopkg.in/src-d/go-git.v4/plumbing/transport/http,Package http implements the HTTP transport protocol.,443
http (github.com/openzipkin/zipkin-go/reporter/http),/github.com/openzipkin/zipkin-go/reporter/http,Package http implements a HTTP reporter to send spans to Zipkin V2 collectors.,406
http (github.com/aws/smithy-go/transport/http),/github.com/aws/smithy-go/transport/http,Package http provides the HTTP transport client and request/response types needed to round trip API operation calls with an service.,373
fiber (github.com/gofiber/fiber/v2),/github.com/gofiber/fiber/v2,"Package fiber is an Express inspired web framework built on top of Fasthttp, the fastest HTTP engine for Go.",2836
http (goa.design/goa/v3/http),/goa.design/goa/v3/http,Package http contains HTTP specific constructs that complement the code generated by Goa.,329
resty (github.com/go-resty/resty/v2),/github.com/go-resty/resty/v2,Package resty provides Simple HTTP and REST client library for Go.,1827
request (k8s.io/apiserver/pkg/endpoints/request),/k8s.io/apiserver/pkg/endpoints/request,Package request contains everything around extracting info from a http request object.,2536
http (github.com/go-git/go-git/v5/plumbing/transport/http),/github.com/go-git/go-git/v5/plumbing/transport/http,Package http implements the HTTP transport protocol.,314
auth (github.com/abbot/go-http-auth),/github.com/abbot/go-http-auth,Package auth is an implementation of HTTP Basic and HTTP Digest authentication.,745
fs (github.com/rakyll/statik/fs),/github.com/rakyll/statik/fs,Package fs contains an HTTP file system that works with zip contents.,1539
context (github.com/docker/distribution/context),/github.com/docker/distribution/context,Package context provides several utilities for working with Go's context in http requests.,7104
